ID,Age.Cohort,Age,Gender,Expenditures,Ethnicity
10210,C.13-17,17,Female,2113,White not Hispanic
10409,E.22-50,37,Male,41924,White not Hispanic
10486,A.0-5,3,Male,1454,Hispanic
10538,D.18-21,19,Female,6400,Hispanic
10568,C.13-17,13,Male,4412,White not Hispanic
10690,C.13-17,15,Female,4566,Hispanic
10711,C.13-17,13,Female,3915,White not Hispanic
10778,C.13-17,17,Male,3873,Black
10820,C.13-17,14,Female,5021,White not Hispanic
10823,C.13-17,13,Male,2887,Hispanic
11000,C.13-17,13,Female,4154,White not Hispanic
11024,C.13-17,14,Male,3048,Hispanic
11115,C.13-17,15,Female,2757,White not Hispanic
11189,C.13-17,17,Male,5340,Multi Race
11201,D.18-21,20,Male,10047,Hispanic
11210,E.22-50,25,Female,34795,Black
11379,E.22-50,23,Female,43025,White not Hispanic
11380,E.22-50,41,Male,54115,Asian
11441,A.0-5,5,Female,1748,Hispanic
11466,C.13-17,15,Female,4515,Hispanic
11812,A.0-5,5,Male,1861,Hispanic
11842,A.0-5,5,Male,1598,Hispanic
11922,E.22-50,22,Female,46571,Hispanic
11935,A.0-5,3,Male,1066,Hispanic
12127,C.13-17,16,Female,3867,Black
12137,F.51-Over,71,Female,57928,White not Hispanic
12207,C.13-17,13,Female,4002,White not Hispanic
12530,D.18-21,18,Female,10434,Asian
12589,F.51-Over,63,Female,56134,White not Hispanic
12834,A.0-5,1,Male,1070,White not Hispanic
12850,C.13-17,13,Male,3775,Multi Race
12990,E.22-50,27,Female,35284,White not Hispanic
13119,D.18-21,21,Male,7219,White not Hispanic
13120,C.13-17,14,Male,4681,White not Hispanic
13195,C.13-17,15,Female,4629,Asian
13621,A.0-5,3,Female,2750,White not Hispanic
13692,C.13-17,15,Female,3392,Asian
13722,C.13-17,14,Male,5696,Black
13826,E.22-50,30,Female,46660,White not Hispanic
14233,B.6-12,6,Female,2354,Hispanic
14367,E.22-50,33,Male,40781,White not Hispanic
14427,B.6-12,10,Female,2559,Black
14520,E.22-50,25,Female,36428,White not Hispanic
14523,A.0-5,3,Male,674,Hispanic
14648,E.22-50,26,Male,39844,Asian
14653,C.13-17,17,Male,4046,White not Hispanic
14665,E.22-50,33,Male,36184,White not Hispanic
14845,C.13-17,16,Male,4968,Hispanic
15034,E.22-50,24,Male,36901,White not Hispanic
15060,F.51-Over,63,Female,50419,White not Hispanic
15111,A.0-5,1,Female,340,White not Hispanic
15205,E.22-50,24,Female,42192,Black
15366,F.51-Over,75,Female,49239,White not Hispanic
15422,E.22-50,27,Male,36057,White not Hispanic
15448,B.6-12,8,Female,2895,Hispanic
15487,E.22-50,24,Male,31512,White not Hispanic
15778,B.6-12,10,Female,1915,Hispanic
15801,C.13-17,16,Male,4091,Hispanic
15888,C.13-17,13,Male,4798,Hispanic
15970,F.51-Over,51,Female,54267,White not Hispanic
16048,B.6-12,6,Female,1783,Asian
16052,C.13-17,16,Female,3212,Hispanic
16306,C.13-17,15,Female,2029,White not Hispanic
16440,E.22-50,22,Male,37727,White not Hispanic
16515,D.18-21,20,Male,11998,Hispanic
16525,E.22-50,45,Male,50304,Hispanic
16981,A.0-5,5,Female,1130,Hispanic
17191,E.22-50,24,Female,45412,White not Hispanic
17276,E.22-50,32,Male,38310,Hispanic
17354,C.13-17,13,Female,3638,Hispanic
17361,F.51-Over,74,Female,54616,Asian
17456,E.22-50,26,Female,30504,Asian
17604,D.18-21,19,Male,7621,Hispanic
17605,D.18-21,18,Male,13677,White not Hispanic
17744,B.6-12,6,Female,1423,Hispanic
17799,C.13-17,17,Female,4395,Hispanic
18015,E.22-50,29,Male,38236,White not Hispanic
18057,C.13-17,17,Male,6798,White not Hispanic
18080,C.13-17,13,Female,4052,White not Hispanic
18095,E.22-50,48,Female,49424,White not Hispanic
18127,E.22-50,34,Female,39521,Hispanic
18223,B.6-12,9,Female,2471,Asian
18262,D.18-21,18,Male,15018,Hispanic
18313,C.13-17,16,Male,2924,White not Hispanic
18383,A.0-5,0,Male,1149,Multi Race
18421,C.13-17,15,Female,4525,Hispanic
18482,C.13-17,16,Male,3796,Hispanic
18492,D.18-21,18,Female,8730,Black
18655,E.22-50,28,Male,37247,Black
18656,E.22-50,28,Female,31027,White not Hispanic
18671,E.22-50,22,Male,27364,White not Hispanic
18749,E.22-50,27,Female,30998,White not Hispanic
18867,F.51-Over,66,Female,49851,Asian
18894,A.0-5,3,Male,1057,White not Hispanic
19107,E.22-50,22,Male,42623,White not Hispanic
19147,A.0-5,1,Male,1363,Hispanic
19148,C.13-17,13,Female,5324,Black
19228,E.22-50,22,Male,46513,Black
19247,C.13-17,15,Female,2521,White not Hispanic
19250,F.51-Over,94,Female,60871,Hispanic
19251,E.22-50,41,Female,42139,White not Hispanic
19290,A.0-5,5,Male,1713,Hispanic
19373,B.6-12,6,Female,1814,Asian
19412,F.51-Over,60,Female,57702,White not Hispanic
19510,E.22-50,23,Female,36607,White not Hispanic
19517,E.22-50,36,Male,29144,White not Hispanic
19571,D.18-21,21,Female,7193,White not Hispanic
19661,E.22-50,23,Female,49028,Hispanic
19662,F.51-Over,80,Female,54309,White not Hispanic
19663,B.6-12,6,Female,987,White not Hispanic
19825,E.22-50,25,Female,41107,White not Hispanic
19917,A.0-5,0,Male,904,White not Hispanic
20057,F.51-Over,65,Female,56752,White not Hispanic
20073,A.0-5,4,Female,1977,Hispanic
20380,B.6-12,12,Female,3450,Hispanic
20641,D.18-21,19,Male,10716,White not Hispanic
20810,D.18-21,20,Male,9161,Hispanic
20832,B.6-12,12,Female,3007,Hispanic
20872,E.22-50,33,Male,34558,White not Hispanic
20876,C.13-17,15,Male,3269,Hispanic
20918,E.22-50,24,Female,40980,Hispanic
20976,A.0-5,4,Male,1196,Hispanic
20984,D.18-21,18,Male,4814,Black
21140,A.0-5,5,Male,1997,White not Hispanic
21158,E.22-50,24,Female,51149,Hispanic
21167,D.18-21,18,Female,11038,Hispanic
21296,D.18-21,21,Male,3988,Asian
21305,D.18-21,18,Female,12306,White not Hispanic
21351,D.18-21,19,Female,12649,Hispanic
21503,E.22-50,24,Male,37416,White not Hispanic
21585,B.6-12,11,Female,2664,Hispanic
21591,F.51-Over,66,Female,59926,Hispanic
21742,D.18-21,20,Female,10696,Asian
22056,D.18-21,19,Male,9972,Hispanic
22124,C.13-17,14,Female,5920,Hispanic
22125,A.0-5,5,Male,2549,Hispanic
22446,C.13-17,17,Male,2686,Hispanic
22534,E.22-50,34,Female,40277,Hispanic
22541,E.22-50,27,Female,42702,White not Hispanic
22682,E.22-50,37,Female,42455,White not Hispanic
22697,C.13-17,13,Male,4097,Hispanic
22700,A.0-5,4,Male,1957,Hispanic
22764,A.0-5,5,Male,1646,Hispanic
22879,A.0-5,4,Male,1525,Hispanic
22964,A.0-5,4,Male,1294,Hispanic
22988,C.13-17,16,Male,4664,Multi Race
23032,E.22-50,22,Male,43292,White not Hispanic
23450,C.13-17,16,Female,1432,Asian
23493,A.0-5,0,Male,1435,Hispanic
23505,A.0-5,4,Male,1631,White not Hispanic
23559,D.18-21,20,Male,8687,Black
23617,D.18-21,19,Female,8096,Hispanic
23651,A.0-5,3,Male,1123,Hispanic
23861,F.51-Over,77,Female,55015,Asian
23890,A.0-5,4,Male,1644,White not Hispanic
23915,C.13-17,17,Female,3678,Hispanic
24042,D.18-21,18,Male,8999,White not Hispanic
24078,C.13-17,16,Male,1740,Hispanic
24128,D.18-21,21,Female,15176,Hispanic
24171,E.22-50,35,Male,27417,White not Hispanic
24270,D.18-21,18,Female,9078,White not Hispanic
24341,B.6-12,9,Female,1963,Hispanic
24510,C.13-17,15,Male,4670,Hispanic
24545,A.0-5,4,Male,2553,White not Hispanic
24617,C.13-17,14,Male,3394,Hispanic
24635,A.0-5,0,Female,995,Hispanic
24731,A.0-5,0,Female,1068,White not Hispanic
24786,C.13-17,15,Male,4818,White not Hispanic
24838,A.0-5,2,Male,650,White not Hispanic
24847,D.18-21,21,Female,15179,White not Hispanic
24850,D.18-21,21,Female,16237,Hispanic
24895,E.22-50,27,Female,47242,White not Hispanic
24959,F.51-Over,82,Female,58922,White not Hispanic
25000,D.18-21,21,Male,9592,Hispanic
25184,D.18-21,21,Male,10008,White not Hispanic
25281,E.22-50,28,Female,42346,White not Hispanic
25300,B.6-12,6,Female,2119,Hispanic
25321,E.22-50,40,Male,42840,White not Hispanic
25370,D.18-21,19,Female,10292,Hispanic
25457,C.13-17,16,Female,3501,Hispanic
25575,E.22-50,23,Male,40992,White not Hispanic
25613,A.0-5,0,Male,741,Hispanic
25649,E.22-50,42,Male,37916,White not Hispanic
25743,B.6-12,11,Female,1339,White not Hispanic
25747,F.51-Over,74,Female,54266,White not Hispanic
25765,A.0-5,4,Male,1016,Hispanic
26071,B.6-12,6,Female,1582,Hispanic
26099,D.18-21,20,Male,13345,Asian
26169,E.22-50,33,Female,47204,White not Hispanic
26423,C.13-17,17,Male,4723,Hispanic
26427,C.13-17,13,Male,2460,Hispanic
26437,A.0-5,0,Male,2296,Multi Race
26457,C.13-17,16,Female,5718,Hispanic
26648,D.18-21,21,Female,7571,Asian
27029,D.18-21,18,Male,7207,Asian
27031,A.0-5,4,Male,1028,Hispanic
27150,B.6-12,12,Female,3141,Hispanic
27311,C.13-17,17,Male,4556,White not Hispanic
27356,E.22-50,25,Female,49142,White not Hispanic
27484,B.6-12,11,Male,3585,Hispanic
27547,B.6-12,7,Female,2039,Hispanic
27561,B.6-12,12,Female,2431,White not Hispanic
27824,B.6-12,11,Male,1024,White not Hispanic
27921,E.22-50,22,Female,43858,Hispanic
28013,A.0-5,1,Male,762,Hispanic
28053,F.51-Over,62,Female,49749,White not Hispanic
28066,D.18-21,20,Male,7081,Hispanic
28083,A.0-5,5,Female,2291,Hispanic
28085,B.6-12,9,Female,3374,White not Hispanic
28189,A.0-5,4,Male,2359,Hispanic
28384,E.22-50,33,Female,40809,Hispanic
28469,A.0-5,4,Male,2211,Hispanic
28502,D.18-21,19,Male,11527,Hispanic
28514,C.13-17,15,Female,3959,Hispanic
28728,D.18-21,20,Male,12854,White not Hispanic
28948,A.0-5,1,Male,966,Hispanic
29038,D.18-21,21,Male,7339,Hispanic
29193,E.22-50,24,Male,46703,White not Hispanic
29411,B.6-12,8,Female,3378,Hispanic
29440,B.6-12,8,Male,2807,White not Hispanic
29447,E.22-50,30,Male,46246,White not Hispanic
29458,C.13-17,17,Male,4513,Hispanic
29506,F.51-Over,56,Female,48215,White not Hispanic
29574,C.13-17,16,Male,2357,White not Hispanic
29795,D.18-21,20,Male,9597,White not Hispanic
29804,C.13-17,14,Male,386,Asian
29840,B.6-12,7,Female,1473,Hispanic
29885,C.13-17,16,Male,4112,Hispanic
29902,D.18-21,19,Female,8530,Asian
29914,A.0-5,5,Male,1315,Asian
30012,C.13-17,14,Male,4653,Hispanic
30234,F.51-Over,78,Female,55430,American Indian
30385,B.6-12,9,Male,722,White not Hispanic
30438,D.18-21,19,Female,7667,Hispanic
30481,D.18-21,20,Male,12587,Hispanic
30517,B.6-12,7,Male,1725,Asian
30617,A.0-5,4,Female,791,White not Hispanic
30673,B.6-12,10,Female,2189,White not Hispanic
30689,A.0-5,3,Male,668,Hispanic
30780,D.18-21,20,Female,6218,Hispanic
30909,C.13-17,17,Male,2015,Hispanic
31063,D.18-21,21,Male,8948,Hispanic
31163,F.51-Over,71,Female,52472,White not Hispanic
31168,B.6-12,11,Female,2918,Multi Race
31277,A.0-5,2,Male,561,Hispanic
31307,F.51-Over,88,Female,54655,White not Hispanic
31437,F.51-Over,70,Female,59622,Hispanic
31632,E.22-50,23,Male,32344,Asian
31642,B.6-12,11,Female,3335,White not Hispanic
31658,F.51-Over,60,Female,46873,Black
31859,B.6-12,10,Male,2380,White not Hispanic
31910,C.13-17,17,Female,4921,Hispanic
31919,B.6-12,10,Male,1455,White not Hispanic
31960,E.22-50,25,Male,38730,White not Hispanic
31973,E.22-50,38,Female,35088,Hispanic
32161,B.6-12,11,Female,2059,Asian
32186,C.13-17,16,Female,4054,Asian
32326,B.6-12,7,Male,1212,Black
32395,D.18-21,19,Male,12178,White not Hispanic
32398,B.6-12,11,Male,1084,Hispanic
32519,C.13-17,15,Female,3529,Asian
32604,D.18-21,20,Female,11775,White not Hispanic
32664,E.22-50,24,Female,36279,White not Hispanic
32745,E.22-50,27,Female,47021,White not Hispanic
32781,B.6-12,8,Male,641,Asian
32893,D.18-21,20,Male,6362,White not Hispanic
33032,B.6-12,11,Female,3695,Hispanic
33305,A.0-5,4,Male,1437,Asian
33339,B.6-12,11,Male,1582,White not Hispanic
33360,E.22-50,25,Female,41984,Asian
33375,A.0-5,2,Male,1347,White not Hispanic
33464,D.18-21,18,Female,13593,White not Hispanic
33509,A.0-5,1,Female,1767,Hispanic
33551,B.6-12,12,Female,2880,White not Hispanic
33643,C.13-17,13,Male,4483,Asian
33886,C.13-17,13,Male,4003,White not Hispanic
34146,F.51-Over,69,Male,67884,White not Hispanic
34278,E.22-50,23,Female,46590,White not Hispanic
34522,E.22-50,31,Male,39007,White not Hispanic
34681,D.18-21,21,Male,10046,White not Hispanic
34751,B.6-12,9,Male,2695,Asian
34763,F.51-Over,85,Male,64898,White not Hispanic
34821,E.22-50,26,Female,36738,Hispanic
34983,E.22-50,27,Male,34394,White not Hispanic
34997,F.51-Over,68,Male,49502,Hispanic
35066,C.13-17,13,Male,4554,Black
35093,B.6-12,9,Male,1824,Asian
35298,E.22-50,30,Female,43134,White not Hispanic
35360,B.6-12,10,Female,1622,Multi Race
35503,C.13-17,13,Male,3522,Hispanic
35590,B.6-12,8,Male,2776,Hispanic
35630,D.18-21,18,Female,14578,White not Hispanic
35656,D.18-21,21,Male,10150,Hispanic
35666,D.18-21,20,Female,9207,White not Hispanic
35684,D.18-21,20,Female,7605,Hispanic
35799,B.6-12,8,Male,2954,Hispanic
35970,C.13-17,13,Male,2797,Black
36123,F.51-Over,59,Male,42739,Asian
36179,C.13-17,15,Female,2900,Asian
36391,A.0-5,1,Female,384,White not Hispanic
36459,D.18-21,21,Female,9504,Asian
36576,E.22-50,27,Female,38031,Hispanic
36578,D.18-21,19,Male,7083,White not Hispanic
36720,B.6-12,9,Male,2877,White not Hispanic
36802,B.6-12,6,Male,1173,Hispanic
37075,D.18-21,21,Female,12083,Hispanic
37287,D.18-21,19,Male,3157,White not Hispanic
37297,C.13-17,15,Male,4533,Hispanic
37335,C.13-17,17,Female,3694,White not Hispanic
37415,D.18-21,18,Female,8299,White not Hispanic
37454,F.51-Over,76,Male,62097,Hispanic
37524,D.18-21,18,Male,11935,Hispanic
37694,D.18-21,20,Male,11034,Hispanic
37731,D.18-21,19,Male,12481,White not Hispanic
37846,D.18-21,18,Female,9200,Asian
38017,D.18-21,20,Female,10294,Hispanic
38104,D.18-21,21,Male,11668,Asian
38121,E.22-50,37,Female,37948,White not Hispanic
38584,C.13-17,14,Female,5530,White not Hispanic
38732,C.13-17,16,Male,3909,Black
38889,C.13-17,16,Male,5041,Asian
38975,E.22-50,24,Female,39345,White not Hispanic
39060,D.18-21,18,Female,16310,Hispanic
39095,D.18-21,20,Female,6272,White not Hispanic
39131,A.0-5,0,Female,685,White not Hispanic
39134,B.6-12,9,Male,2490,Hispanic
39287,F.51-Over,59,Female,44734,White not Hispanic
39672,F.51-Over,54,Female,52833,White not Hispanic
39767,B.6-12,10,Female,2341,Black
39795,A.0-5,5,Female,1088,White not Hispanic
39942,C.13-17,14,Male,3399,Multi Race
39999,D.18-21,21,Female,11811,Hispanic
40105,C.13-17,17,Male,3945,Hispanic
40159,F.51-Over,73,Female,60198,Asian
40277,B.6-12,9,Female,2781,Hispanic
40313,A.0-5,4,Female,374,Asian
40409,E.22-50,30,Male,36469,White not Hispanic
40412,B.6-12,12,Male,2269,White not Hispanic
40847,D.18-21,21,Female,10973,White not Hispanic
40892,C.13-17,13,Male,1597,Hispanic
40952,E.22-50,25,Female,48684,Hispanic
40987,C.13-17,14,Female,2366,White not Hispanic
41163,E.22-50,32,Female,45017,White not Hispanic
41176,E.22-50,32,Male,43545,Black
41831,B.6-12,7,Male,1645,White not Hispanic
41850,C.13-17,13,Male,4975,Hispanic
41968,C.13-17,14,Female,3257,Hispanic
42216,D.18-21,18,Male,7878,Asian
42229,C.13-17,16,Female,3977,White not Hispanic
42262,B.6-12,6,Male,2247,Hispanic
42265,C.13-17,16,Female,4215,White not Hispanic
42348,F.51-Over,74,Male,52041,White not Hispanic
42489,B.6-12,9,Male,1758,Hispanic
42590,E.22-50,24,Male,51392,Hispanic
42593,A.0-5,0,Female,1398,Black
42657,F.51-Over,86,Male,60452,White not Hispanic
42732,C.13-17,17,Female,4495,Hispanic
42804,C.13-17,15,Female,2744,Hispanic
42905,F.51-Over,74,Female,57760,White not Hispanic
43039,C.13-17,16,Male,3561,Hispanic
43188,D.18-21,21,Female,10063,White not Hispanic
43245,B.6-12,11,Female,2906,Hispanic
43291,B.6-12,11,Male,2140,Multi Race
43308,E.22-50,34,Female,46325,White not Hispanic
43455,F.51-Over,57,Male,48363,White not Hispanic
43478,C.13-17,16,Female,5637,Hispanic
43516,C.13-17,16,Female,3740,White not Hispanic
43574,C.13-17,13,Male,4014,Asian
43586,B.6-12,8,Female,2904,Hispanic
43735,B.6-12,9,Female,2854,White not Hispanic
43762,E.22-50,28,Female,39147,Hispanic
43767,C.13-17,15,Female,4036,White not Hispanic
43768,B.6-12,12,Male,3196,Asian
43881,C.13-17,17,Female,3677,White not Hispanic
43984,D.18-21,20,Male,6397,Hispanic
43990,E.22-50,27,Female,48745,White not Hispanic
44297,D.18-21,20,Male,7446,Hispanic
44312,B.6-12,12,Male,1109,White not Hispanic
44401,C.13-17,17,Male,5163,Hispanic
44451,F.51-Over,67,Male,52243,Hispanic
44613,E.22-50,26,Male,40637,White not Hispanic
44669,C.13-17,14,Female,4774,Hispanic
44973,E.22-50,28,Male,41464,White not Hispanic
45104,F.51-Over,52,Male,51777,Hispanic
45274,F.51-Over,57,Female,42897,White not Hispanic
45319,F.51-Over,76,Male,59829,White not Hispanic
45468,C.13-17,16,Male,3141,Hispanic
45476,B.6-12,9,Male,2028,Asian
45499,C.13-17,14,Female,4363,White not Hispanic
45540,E.22-50,27,Female,37778,Asian
45600,B.6-12,8,Male,1332,White not Hispanic
45625,E.22-50,22,Female,36691,Hispanic
45679,F.51-Over,73,Male,53211,Hispanic
45755,B.6-12,11,Male,1144,Multi Race
45798,B.6-12,11,Female,1217,White not Hispanic
45827,F.51-Over,89,Female,58304,White not Hispanic
45828,A.0-5,2,Female,1113,White not Hispanic
45958,F.51-Over,73,Male,47997,White not Hispanic
45962,D.18-21,19,Female,10502,White not Hispanic
46063,C.13-17,13,Male,5872,White not Hispanic
46251,E.22-50,33,Male,27090,White not Hispanic
46272,E.22-50,32,Female,37697,Black
46389,C.13-17,17,Female,5040,Hispanic
46498,B.6-12,7,Male,2415,White not Hispanic
46628,B.6-12,11,Male,2167,Hispanic
46637,E.22-50,26,Male,41144,Asian
46726,F.51-Over,95,Male,55187,Hispanic
46876,F.51-Over,66,Male,49056,Black
46945,E.22-50,35,Female,32529,White not Hispanic
46977,C.13-17,16,Female,3738,White not Hispanic
47043,E.22-50,25,Male,38619,Multi Race
47059,E.22-50,30,Male,44910,Black
47217,B.6-12,7,Female,2797,Hispanic
47236,C.13-17,16,Male,4975,Hispanic
47553,C.13-17,16,Male,4067,Asian
47748,C.13-17,17,Male,4918,Black
47809,E.22-50,31,Female,47778,Asian
47887,B.6-12,9,Male,2755,Hispanic
47979,E.22-50,22,Male,27058,White not Hispanic
47997,F.51-Over,64,Male,57119,White not Hispanic
48101,C.13-17,15,Female,3728,Asian
48169,C.13-17,16,Male,4550,White not Hispanic
48328,F.51-Over,81,Female,75098,Asian
48353,B.6-12,9,Female,2016,Hispanic
48653,B.6-12,7,Male,1974,Asian
48882,D.18-21,21,Male,12259,Black
48938,E.22-50,39,Male,36576,Black
49026,C.13-17,13,Male,2810,Hispanic
49094,C.13-17,16,Male,3745,Hispanic
49199,B.6-12,10,Female,2854,Hispanic
49285,A.0-5,1,Female,1592,Hispanic
49463,C.13-17,13,Male,4245,White not Hispanic
49506,C.13-17,16,Male,3445,Hispanic
49533,D.18-21,18,Male,3153,Asian
49598,F.51-Over,65,Male,52076,Asian
49631,B.6-12,10,Male,676,White not Hispanic
49818,C.13-17,16,Female,4696,Hispanic
49889,C.13-17,16,Female,4949,Black
49977,E.22-50,25,Female,44916,White not Hispanic
50053,D.18-21,18,Female,11125,Asian
50112,B.6-12,6,Female,4163,Hispanic
50140,C.13-17,14,Male,4608,Hispanic
50208,E.22-50,25,Female,41752,White not Hispanic
50222,D.18-21,19,Female,7564,Multi Race
50270,E.22-50,25,Male,46951,Hispanic
50349,C.13-17,16,Female,3555,White not Hispanic
50478,B.6-12,12,Female,3562,Hispanic
50559,B.6-12,8,Male,2746,Hispanic
50652,C.13-17,15,Male,3015,White not Hispanic
50674,D.18-21,20,Male,9369,Asian
50783,D.18-21,21,Female,8469,Hispanic
50849,E.22-50,25,Female,48021,Black
50913,D.18-21,18,Male,11723,White not Hispanic
50989,C.13-17,14,Male,4219,Hispanic
51150,F.51-Over,75,Male,52147,Hispanic
51253,B.6-12,7,Female,633,White not Hispanic
51259,B.6-12,11,Female,1363,Hispanic
51290,C.13-17,14,Male,3113,Hispanic
51420,C.13-17,13,Male,3417,White not Hispanic
51577,B.6-12,7,Male,776,Hispanic
51635,E.22-50,32,Female,36827,Hispanic
51712,E.22-50,23,Female,43333,White not Hispanic
51754,C.13-17,16,Male,2054,White not Hispanic
51954,B.6-12,6,Female,1335,Asian
52067,B.6-12,6,Female,1790,Black
52073,D.18-21,19,Female,10531,Asian
52177,B.6-12,12,Female,3539,Hispanic
52217,D.18-21,19,Male,10230,Hispanic
52373,E.22-50,27,Female,42969,White not Hispanic
52722,E.22-50,24,Male,48694,White not Hispanic
52727,E.22-50,30,Male,33721,Asian
52794,E.22-50,30,Female,42703,White not Hispanic
52868,E.22-50,30,Male,35523,White not Hispanic
52887,D.18-21,18,Female,8869,Hispanic
52969,F.51-Over,55,Male,49554,White not Hispanic
53008,C.13-17,16,Female,2018,Other
53083,B.6-12,10,Female,2455,White not Hispanic
53225,B.6-12,6,Female,3379,Hispanic
53288,C.13-17,14,Female,3580,Hispanic
53339,F.51-Over,71,Male,46719,White not Hispanic
53435,E.22-50,31,Female,46437,White not Hispanic
53658,C.13-17,14,Male,5514,White not Hispanic
53690,C.13-17,17,Female,5228,Hispanic
53719,E.22-50,33,Female,42265,White not Hispanic
53903,D.18-21,21,Female,13129,Hispanic
53996,D.18-21,19,Female,8714,Asian
54054,D.18-21,20,Male,13248,White not Hispanic
54067,B.6-12,12,Female,1262,White not Hispanic
54110,E.22-50,29,Male,41013,Asian
54223,C.13-17,17,Female,2948,White not Hispanic
54252,F.51-Over,71,Female,55428,Asian
54406,E.22-50,25,Male,38085,Black
54675,C.13-17,13,Female,4005,White not Hispanic
55043,B.6-12,10,Female,4152,Hispanic
55056,F.51-Over,95,Female,54680,Black
55115,C.13-17,15,Female,3190,Hispanic
55162,C.13-17,15,Male,3443,Hispanic
55300,E.22-50,45,Male,46132,Black
55314,C.13-17,17,Female,2184,Hispanic
55345,C.13-17,16,Male,5412,Hispanic
55424,E.22-50,24,Male,37133,White not Hispanic
55442,A.0-5,0,Female,2532,Asian
55877,C.13-17,15,Female,4527,Hispanic
55882,C.13-17,15,Female,3055,White not Hispanic
55958,E.22-50,32,Male,40587,White not Hispanic
56063,D.18-21,21,Male,7488,White not Hispanic
56109,D.18-21,20,Female,9540,White not Hispanic
56202,B.6-12,12,Female,3003,Hispanic
56203,D.18-21,19,Female,7122,Hispanic
56309,B.6-12,7,Female,2191,Hispanic
56318,F.51-Over,68,Male,57363,Hispanic
56400,C.13-17,16,Female,1641,Hispanic
56533,E.22-50,26,Male,37347,White not Hispanic
56539,D.18-21,20,Female,15278,White not Hispanic
56552,D.18-21,20,Female,11070,White not Hispanic
56576,D.18-21,21,Female,9805,White not Hispanic
56592,F.51-Over,88,Male,54875,Hispanic
56736,D.18-21,18,Female,11054,Multi Race
56738,F.51-Over,72,Male,53834,White not Hispanic
56802,E.22-50,29,Female,42041,Hispanic
56808,D.18-21,21,Female,11202,White not Hispanic
56855,F.51-Over,64,Female,60774,White not Hispanic
57039,E.22-50,22,Female,47954,Hispanic
57141,E.22-50,23,Male,36180,White not Hispanic
57419,A.0-5,5,Female,1632,Hispanic
57420,B.6-12,6,Male,3948,Black
57504,D.18-21,19,Female,12882,White not Hispanic
57550,D.18-21,19,Female,8700,Asian
57601,D.18-21,19,Male,11986,Hispanic
57670,F.51-Over,62,Male,47420,Hispanic
57874,C.13-17,17,Male,4300,Hispanic
57961,C.13-17,13,Male,4787,Hispanic
58075,B.6-12,12,Female,2339,Hispanic
58136,C.13-17,15,Female,4345,Hispanic
58293,C.13-17,14,Female,4768,White not Hispanic
58317,F.51-Over,80,Male,57821,White not Hispanic
58357,D.18-21,20,Female,9061,Hispanic
58565,B.6-12,6,Female,3530,Asian
58680,D.18-21,21,Male,4931,Hispanic
58838,D.18-21,21,Male,10385,Asian
58862,C.13-17,17,Male,3904,White not Hispanic
58870,B.6-12,8,Male,2590,White not Hispanic
58884,E.22-50,34,Female,41522,Black
59001,E.22-50,27,Female,40156,White not Hispanic
59079,D.18-21,18,Male,11479,Hispanic
59154,C.13-17,15,Female,4798,Hispanic
59206,F.51-Over,83,Male,58803,White not Hispanic
59275,D.18-21,21,Male,16133,White not Hispanic
59332,F.51-Over,64,Male,51599,Asian
59343,E.22-50,26,Female,45507,White not Hispanic
59467,B.6-12,8,Female,3544,White not Hispanic
59660,B.6-12,9,Female,1713,Hispanic
59753,C.13-17,14,Female,2462,Hispanic
59881,D.18-21,19,Male,11816,White not Hispanic
60002,C.13-17,17,Male,4531,White not Hispanic
60018,E.22-50,35,Female,36607,White not Hispanic
60037,C.13-17,15,Female,4884,Hispanic
60292,C.13-17,14,Male,4058,Hispanic
60348,A.0-5,5,Female,2019,White not Hispanic
60352,B.6-12,7,Female,3464,Hispanic
60372,B.6-12,12,Male,1539,Hispanic
60425,C.13-17,16,Male,5224,White not Hispanic
60508,F.51-Over,62,Female,49075,Asian
60572,F.51-Over,69,Male,59682,White not Hispanic
60676,D.18-21,21,Female,5066,Hispanic
60864,D.18-21,20,Male,5583,Black
61004,A.0-5,4,Female,456,Hispanic
61019,A.0-5,0,Female,1147,Hispanic
61051,E.22-50,37,Male,30627,White not Hispanic
61120,B.6-12,7,Male,3000,Multi Race
61187,B.6-12,11,Male,2885,Multi Race
61192,D.18-21,20,Male,6255,Asian
61329,D.18-21,18,Female,10068,White not Hispanic
61449,C.13-17,14,Male,5025,Black
61467,A.0-5,1,Female,2157,Asian
61498,C.13-17,13,Female,3726,American Indian
61570,B.6-12,11,Male,1286,Hispanic
61588,E.22-50,24,Female,47674,White not Hispanic
61654,D.18-21,21,Female,4731,Hispanic
61680,C.13-17,16,Male,3839,White not Hispanic
61785,C.13-17,13,Female,1195,White not Hispanic
61806,E.22-50,24,Female,46911,Asian
61887,C.13-17,17,Male,3629,Hispanic
61944,F.51-Over,52,Female,48826,White not Hispanic
61951,D.18-21,21,Male,15718,White not Hispanic
61954,D.18-21,19,Female,5616,Hispanic
62150,E.22-50,29,Male,34708,White not Hispanic
62191,C.13-17,17,Male,3075,Asian
62282,D.18-21,21,Female,6669,White not Hispanic
62302,E.22-50,23,Male,39693,White not Hispanic
62342,B.6-12,9,Male,3552,White not Hispanic
62485,E.22-50,23,Female,27845,Hispanic
62691,B.6-12,10,Female,2409,Hispanic
62913,B.6-12,8,Female,2122,White not Hispanic
62935,E.22-50,33,Female,42458,White not Hispanic
62957,E.22-50,22,Male,40648,White not Hispanic
63343,E.22-50,27,Male,36712,Asian
63363,E.22-50,22,Male,31138,White not Hispanic
63384,C.13-17,15,Female,2917,Asian
63810,F.51-Over,68,Male,43945,White not Hispanic
63833,E.22-50,27,Male,49793,White not Hispanic
63959,D.18-21,20,Female,10247,Hispanic
63992,F.51-Over,59,Male,33110,White not Hispanic
64041,B.6-12,6,Female,1722,White not Hispanic
64083,F.51-Over,75,Male,50261,White not Hispanic
64181,B.6-12,8,Male,2153,Hispanic
64182,B.6-12,12,Male,847,Hispanic
64192,F.51-Over,66,Female,50910,White not Hispanic
64319,D.18-21,20,Male,11470,Hispanic
64421,B.6-12,10,Female,3584,Black
64429,C.13-17,17,Female,2722,White not Hispanic
64820,F.51-Over,63,Male,48614,White not Hispanic
64829,D.18-21,18,Male,6991,White not Hispanic
64899,C.13-17,16,Female,3698,Hispanic
65036,E.22-50,28,Male,33278,Asian
65255,F.51-Over,54,Female,50141,Native Hawaiian
65274,A.0-5,5,Female,2308,Hispanic
65331,C.13-17,17,Male,4527,Hispanic
65394,B.6-12,6,Female,1254,Hispanic
65419,C.13-17,16,Male,4017,White not Hispanic
65431,F.51-Over,53,Male,53457,White not Hispanic
65619,D.18-21,20,Male,6829,White not Hispanic
65675,B.6-12,10,Male,1110,Hispanic
65787,C.13-17,15,Male,3423,Hispanic
65901,B.6-12,12,Male,1184,Hispanic
65907,B.6-12,12,Male,1854,Black
66098,B.6-12,12,Male,1689,Hispanic
66116,D.18-21,18,Male,10535,Asian
66375,B.6-12,10,Male,1560,Hispanic
66446,D.18-21,18,Male,6620,Asian
66577,D.18-21,19,Male,14729,Hispanic
66734,E.22-50,23,Female,40394,White not Hispanic
66769,C.13-17,17,Male,3520,White not Hispanic
66818,D.18-21,19,Female,14926,Hispanic
66840,E.22-50,26,Female,44588,White not Hispanic
66841,F.51-Over,52,Male,39536,White not Hispanic
67058,E.22-50,24,Female,45735,White not Hispanic
67230,B.6-12,11,Female,2143,Hispanic
67231,E.22-50,22,Female,44002,White not Hispanic
67248,D.18-21,18,Male,8511,Hispanic
67343,F.51-Over,65,Male,55442,Black
67403,D.18-21,18,Male,9846,Asian
67408,E.22-50,23,Male,49548,Hispanic
67535,B.6-12,6,Male,2493,Hispanic
67616,D.18-21,20,Female,13579,Hispanic
67660,E.22-50,33,Male,44765,White not Hispanic
67740,E.22-50,39,Male,36621,Hispanic
67805,E.22-50,27,Male,50301,White not Hispanic
67978,E.22-50,27,Female,32886,Asian
68112,E.22-50,36,Male,38400,Black
68296,D.18-21,18,Male,10299,White not Hispanic
68353,E.22-50,25,Male,34425,White not Hispanic
68357,E.22-50,27,Male,38331,White not Hispanic
68378,B.6-12,11,Male,2498,Hispanic
68507,D.18-21,20,Female,6771,Asian
68570,D.18-21,20,Male,12265,Asian
68685,E.22-50,27,Male,50353,White not Hispanic
68697,C.13-17,16,Female,2797,Hispanic
68724,B.6-12,8,Female,1733,Black
68759,B.6-12,10,Female,992,White not Hispanic
68824,A.0-5,5,Female,1339,Asian
68830,B.6-12,8,Male,1594,Asian
68863,C.13-17,13,Female,3332,White not Hispanic
68944,C.13-17,13,Male,4963,Hispanic
68956,B.6-12,8,Female,1417,Hispanic
69156,D.18-21,18,Female,10969,White not Hispanic
69282,B.6-12,9,Male,2643,Hispanic
69499,D.18-21,20,Male,10976,Asian
69542,A.0-5,5,Female,1053,Multi Race
69581,B.6-12,7,Female,1903,Hispanic
69608,C.13-17,16,Male,2760,Hispanic
69614,D.18-21,18,Female,8567,White not Hispanic
69616,D.18-21,21,Female,12172,White not Hispanic
69726,D.18-21,19,Female,6690,Hispanic
69933,D.18-21,19,Female,11629,Hispanic
70035,E.22-50,30,Female,40727,Native Hawaiian
70210,C.13-17,17,Female,5055,Hispanic
70230,C.13-17,17,Male,3052,White not Hispanic
70244,E.22-50,39,Female,56716,White not Hispanic
70290,C.13-17,15,Male,3911,Hispanic
70594,C.13-17,14,Female,3060,Asian
70609,D.18-21,18,Male,3225,Hispanic
70727,D.18-21,20,Male,11242,White not Hispanic
70807,C.13-17,17,Male,4152,Hispanic
70929,D.18-21,19,Female,7805,Hispanic
71045,C.13-17,15,Male,3702,Hispanic
71073,C.13-17,14,Female,5062,Multi Race
71233,B.6-12,9,Female,1690,White not Hispanic
71271,E.22-50,27,Female,39454,Asian
71346,F.51-Over,53,Male,49380,White not Hispanic
71422,D.18-21,20,Female,16677,Hispanic
71440,C.13-17,13,Male,3395,Hispanic
71526,F.51-Over,65,Female,54874,White not Hispanic
71763,B.6-12,6,Female,3099,Hispanic
71846,C.13-17,17,Female,3088,Hispanic
71847,D.18-21,18,Male,14221,Hispanic
71928,D.18-21,20,Male,12392,Asian
71969,C.13-17,16,Male,4166,Black
72028,D.18-21,19,Female,11032,White not Hispanic
72101,E.22-50,34,Male,40546,White not Hispanic
72341,B.6-12,6,Male,2597,Asian
72365,D.18-21,19,Male,11068,White not Hispanic
72418,B.6-12,9,Female,2634,Hispanic
72424,E.22-50,34,Female,45409,Hispanic
72511,F.51-Over,56,Male,52618,Black
72593,E.22-50,22,Female,31853,Black
72606,D.18-21,18,Female,3829,Hispanic
72613,D.18-21,21,Female,7166,White not Hispanic
72729,C.13-17,16,Male,4615,Other
72808,D.18-21,18,Male,11282,Asian
72893,C.13-17,16,Female,3060,Hispanic
72903,A.0-5,5,Female,1702,Hispanic
72982,D.18-21,21,Male,6977,Hispanic
73085,D.18-21,20,Male,10898,White not Hispanic
73176,C.13-17,13,Male,3419,Asian
73402,C.13-17,14,Female,3633,Hispanic
73569,D.18-21,18,Female,12603,Hispanic
73713,F.51-Over,62,Female,50219,White not Hispanic
73750,B.6-12,8,Male,2261,Black
73758,B.6-12,6,Male,3203,Hispanic
73772,E.22-50,35,Female,42329,White not Hispanic
73907,B.6-12,8,Female,1609,Hispanic
74044,D.18-21,18,Male,11176,Hispanic
74146,D.18-21,19,Female,8398,White not Hispanic
74185,B.6-12,7,Male,1728,White not Hispanic
74272,D.18-21,19,Male,11180,Hispanic
74463,E.22-50,27,Female,28581,Asian
74521,B.6-12,12,Male,1416,Hispanic
74523,C.13-17,15,Male,3677,Hispanic
74683,C.13-17,15,Male,4616,White not Hispanic
74721,F.51-Over,90,Female,58392,American Indian
74878,B.6-12,9,Male,1661,Hispanic
74891,A.0-5,5,Female,1611,Black
74906,D.18-21,21,Male,9363,White not Hispanic
74924,C.13-17,17,Female,5347,Hispanic
74925,C.13-17,14,Female,4378,Hispanic
74970,D.18-21,20,Female,10815,White not Hispanic
75037,B.6-12,10,Female,2368,White not Hispanic
75049,E.22-50,30,Female,40572,Hispanic
75122,F.51-Over,72,Female,50198,White not Hispanic
75138,B.6-12,11,Male,793,Hispanic
75140,C.13-17,14,Male,2551,White not Hispanic
75193,D.18-21,19,Female,8804,White not Hispanic
75607,B.6-12,10,Female,2865,Hispanic
75696,A.0-5,3,Female,1167,Hispanic
75753,C.13-17,13,Female,5098,White not Hispanic
75806,C.13-17,15,Male,5304,Hispanic
75960,E.22-50,36,Male,38246,White not Hispanic
76011,B.6-12,12,Male,1776,Hispanic
76065,D.18-21,20,Female,15711,Hispanic
76344,B.6-12,12,Male,3704,Hispanic
76353,F.51-Over,66,Male,47006,White not Hispanic
76461,C.13-17,13,Male,4710,Asian
76518,F.51-Over,88,Female,56415,White not Hispanic
76533,D.18-21,18,Male,11240,White not Hispanic
76547,F.51-Over,79,Female,58469,White not Hispanic
76701,C.13-17,14,Male,4842,White not Hispanic
76737,C.13-17,14,Male,2701,White not Hispanic
76776,F.51-Over,90,Female,57845,White not Hispanic
76834,D.18-21,21,Male,6482,White not Hispanic
76865,D.18-21,20,Male,9162,Hispanic
76990,D.18-21,21,Female,12552,White not Hispanic
77021,E.22-50,32,Male,30791,White not Hispanic
77155,D.18-21,19,Female,9341,Hispanic
77193,E.22-50,30,Male,48121,Hispanic
77349,C.13-17,16,Male,3047,White not Hispanic
77450,D.18-21,18,Male,3707,Asian
77463,F.51-Over,71,Female,52421,Asian
77587,D.18-21,18,Female,18435,Asian
77596,E.22-50,24,Male,37367,Hispanic
77607,C.13-17,15,Female,4260,Hispanic
77654,A.0-5,0,Female,1458,Hispanic
77715,D.18-21,20,Male,12234,Asian
77829,E.22-50,39,Male,33259,White not Hispanic
77916,B.6-12,6,Female,1804,Hispanic
77933,F.51-Over,51,Female,52105,White not Hispanic
78026,B.6-12,10,Female,1934,Hispanic
78221,E.22-50,30,Male,40268,White not Hispanic
78254,E.22-50,23,Male,37479,Native Hawaiian
78364,F.51-Over,75,Female,65581,Hispanic
78374,F.51-Over,66,Male,42160,White not Hispanic
78383,B.6-12,7,Female,3125,Black
78532,D.18-21,21,Female,7683,Asian
78612,E.22-50,35,Female,33070,White not Hispanic
78803,E.22-50,32,Male,32704,White not Hispanic
79152,D.18-21,21,Male,11491,Black
79204,D.18-21,19,Male,5303,White not Hispanic
79379,E.22-50,25,Female,46437,Hispanic
79645,E.22-50,32,Male,28205,American Indian
79659,A.0-5,0,Female,1704,White not Hispanic
79711,E.22-50,31,Male,33051,White not Hispanic
79930,E.22-50,23,Male,50542,Asian
80142,E.22-50,27,Male,37708,Hispanic
80225,B.6-12,6,Female,987,Hispanic
80338,B.6-12,10,Female,1590,Hispanic
80426,D.18-21,19,Female,15527,White not Hispanic
80439,C.13-17,17,Female,4496,Hispanic
80464,D.18-21,20,Female,13264,Asian
80529,B.6-12,8,Female,2459,White not Hispanic
80534,F.51-Over,71,Male,58594,Black
80636,D.18-21,21,Male,13468,Hispanic
80688,E.22-50,22,Female,40240,Asian
80955,B.6-12,11,Male,2727,White not Hispanic
81195,D.18-21,21,Male,9923,Asian
81203,E.22-50,37,Male,41550,White not Hispanic
81394,E.22-50,23,Male,36521,White not Hispanic
81488,B.6-12,11,Female,1905,Hispanic
81512,D.18-21,20,Female,7237,White not Hispanic
81530,E.22-50,22,Male,28061,Black
81669,E.22-50,24,Female,42746,White not Hispanic
81703,E.22-50,26,Male,34915,White not Hispanic
81816,D.18-21,18,Female,7144,White not Hispanic
81823,C.13-17,15,Female,3251,Hispanic
81913,E.22-50,30,Male,42070,Hispanic
81916,E.22-50,23,Male,40159,Hispanic
82022,E.22-50,22,Male,37201,White not Hispanic
82126,F.51-Over,53,Male,50176,Hispanic
82186,B.6-12,7,Male,1691,Asian
82230,E.22-50,29,Female,46356,White not Hispanic
82254,E.22-50,33,Male,38762,White not Hispanic
82355,F.51-Over,72,Male,60808,Black
82582,F.51-Over,62,Male,47709,White not Hispanic
82743,D.18-21,18,Female,10439,Hispanic
82904,D.18-21,20,Female,11810,Hispanic
82928,E.22-50,31,Male,34021,Hispanic
83000,F.51-Over,80,Male,68890,White not Hispanic
83149,F.51-Over,70,Male,50230,Hispanic
83212,E.22-50,29,Male,36658,White not Hispanic
83224,F.51-Over,73,Male,51455,White not Hispanic
83404,D.18-21,20,Male,9932,Hispanic
83443,D.18-21,20,Female,11803,Asian
83495,E.22-50,40,Male,48064,Asian
83771,C.13-17,13,Female,4473,White not Hispanic
83851,E.22-50,24,Male,30803,Asian
83897,E.22-50,32,Female,37637,White not Hispanic
83972,F.51-Over,62,Male,44111,White not Hispanic
84259,D.18-21,18,Male,8985,White not Hispanic
84336,E.22-50,28,Female,48968,Asian
84362,B.6-12,6,Male,2924,Hispanic
84388,A.0-5,2,Female,697,Multi Race
84436,E.22-50,24,Female,37663,Hispanic
84477,D.18-21,19,Male,9675,Black
84484,C.13-17,17,Female,4216,Asian
84737,C.13-17,14,Female,5576,White not Hispanic
84833,E.22-50,25,Male,31943,Hispanic
84949,B.6-12,7,Female,2834,Black
84996,B.6-12,12,Male,1531,White not Hispanic
85005,C.13-17,15,Female,5254,White not Hispanic
85129,E.22-50,23,Male,44219,White not Hispanic
85179,E.22-50,28,Male,26178,Hispanic
85261,C.13-17,14,Female,3189,White not Hispanic
85301,B.6-12,12,Female,3732,Hispanic
85491,E.22-50,23,Male,25348,Asian
85501,D.18-21,21,Female,8957,Hispanic
85633,C.13-17,14,Female,5280,Hispanic
85639,E.22-50,33,Male,39010,White not Hispanic
85741,E.22-50,41,Female,49223,White not Hispanic
85775,D.18-21,19,Female,12243,Asian
86019,E.22-50,25,Male,40999,Asian
86084,D.18-21,20,Female,3749,Hispanic
86328,B.6-12,9,Female,1416,Hispanic
86396,E.22-50,32,Female,33630,White not Hispanic
86416,E.22-50,26,Male,33634,Asian
86565,D.18-21,19,Male,9760,Hispanic
86579,E.22-50,42,Female,51084,Black
86599,B.6-12,11,Male,1984,White not Hispanic
86667,E.22-50,30,Male,40927,White not Hispanic
86893,E.22-50,39,Female,31076,White not Hispanic
87080,C.13-17,16,Female,4915,White not Hispanic
87143,C.13-17,17,Female,3747,Hispanic
87358,D.18-21,21,Female,9700,White not Hispanic
87444,C.13-17,14,Female,1893,Multi Race
87697,C.13-17,17,Female,4221,Hispanic
87737,F.51-Over,91,Male,54481,Asian
87869,B.6-12,10,Female,3060,Hispanic
87923,E.22-50,24,Female,34274,Asian
88118,D.18-21,19,Female,12523,Hispanic
88132,F.51-Over,71,Female,56365,White not Hispanic
88276,A.0-5,4,Female,1645,Asian
88284,B.6-12,11,Male,2839,Hispanic
88508,B.6-12,8,Female,3572,White not Hispanic
88618,E.22-50,31,Male,39172,White not Hispanic
88739,B.6-12,8,Female,1714,Hispanic
88757,F.51-Over,72,Male,43957,White not Hispanic
88930,F.51-Over,62,Female,58480,White not Hispanic
89102,E.22-50,26,Female,43109,Black
89108,B.6-12,7,Female,1875,Hispanic
89124,F.51-Over,63,Male,50030,White not Hispanic
89132,D.18-21,21,Male,8707,Hispanic
89286,B.6-12,8,Female,2717,Hispanic
89316,A.0-5,5,Female,1684,Hispanic
89334,D.18-21,20,Male,7743,White not Hispanic
89361,D.18-21,19,Female,7475,Asian
89611,B.6-12,9,Male,2753,White not Hispanic
89809,D.18-21,19,Female,8820,Asian
89925,D.18-21,19,Female,5988,Hispanic
90037,D.18-21,21,Male,11327,Black
90151,C.13-17,16,Female,3702,Hispanic
90220,C.13-17,13,Female,3887,Hispanic
90233,D.18-21,19,Male,9979,Asian
90239,D.18-21,18,Female,13730,Hispanic
90299,D.18-21,19,Male,7570,White not Hispanic
90432,E.22-50,27,Female,35720,White not Hispanic
90644,D.18-21,19,Female,7061,Black
90670,C.13-17,13,Female,5546,White not Hispanic
90814,C.13-17,16,Male,3666,White not Hispanic
90953,B.6-12,10,Female,669,Multi Race
90996,E.22-50,29,Female,40755,White not Hispanic
91011,E.22-50,32,Female,35435,Hispanic
91064,D.18-21,21,Male,6904,Hispanic
91288,E.22-50,29,Male,41268,White not Hispanic
91383,B.6-12,12,Male,1996,White not Hispanic
91756,C.13-17,14,Male,3703,Hispanic
91766,B.6-12,7,Female,2669,White not Hispanic
91966,C.13-17,14,Male,3319,Hispanic
92055,C.13-17,17,Female,3478,Hispanic
92109,D.18-21,20,Male,8359,White not Hispanic
92198,C.13-17,17,Male,4791,Hispanic
92207,B.6-12,6,Male,1898,Hispanic
92215,B.6-12,9,Female,2632,White not Hispanic
92265,E.22-50,32,Female,43662,White not Hispanic
92381,B.6-12,11,Female,620,White not Hispanic
92494,F.51-Over,73,Female,49088,White not Hispanic
92628,E.22-50,33,Male,40517,Hispanic
92700,A.0-5,4,Female,2543,White not Hispanic
92718,B.6-12,6,Male,1997,Hispanic
92766,B.6-12,8,Female,1189,Hispanic
92789,E.22-50,25,Male,39849,White not Hispanic
93080,E.22-50,23,Male,48349,White not Hispanic
93118,C.13-17,16,Male,4031,Asian
93194,B.6-12,8,Male,2623,Asian
93415,E.22-50,22,Female,50795,White not Hispanic
93495,B.6-12,10,Female,2484,Hispanic
93600,E.22-50,31,Male,39577,White not Hispanic
93628,B.6-12,6,Male,3259,Multi Race
93673,D.18-21,18,Male,9080,Asian
93702,E.22-50,27,Female,44293,Asian
93727,A.0-5,4,Female,1219,Asian
93757,D.18-21,18,Female,10298,White not Hispanic
93763,B.6-12,8,Male,2430,Hispanic
93871,C.13-17,14,Female,3792,Hispanic
94072,B.6-12,11,Female,1360,White not Hispanic
94273,C.13-17,15,Male,3099,Asian
94371,E.22-50,30,Male,51486,White not Hispanic
94442,B.6-12,11,Male,2212,Hispanic
94480,C.13-17,17,Female,5183,Black
94503,A.0-5,0,Male,1360,Hispanic
94540,E.22-50,25,Female,40952,White not Hispanic
94595,A.0-5,4,Female,2335,Multi Race
94648,E.22-50,40,Female,43175,White not Hispanic
94785,C.13-17,14,Male,4680,Hispanic
94819,D.18-21,20,Female,14003,Hispanic
94852,A.0-5,3,Female,1485,Hispanic
95110,E.22-50,29,Male,43048,White not Hispanic
95270,E.22-50,38,Male,29709,White not Hispanic
95313,F.51-Over,79,Female,57497,Asian
95673,F.51-Over,60,Female,62717,Hispanic
95812,E.22-50,38,Female,37378,Hispanic
95861,D.18-21,18,Male,12651,Asian
96081,C.13-17,16,Female,2104,Hispanic
96097,A.0-5,5,Female,222,Hispanic
96188,E.22-50,23,Male,42560,Asian
96258,E.22-50,29,Male,40614,Asian
96279,A.0-5,5,Female,1003,Hispanic
96367,E.22-50,26,Male,36440,Hispanic
96426,B.6-12,9,Male,2544,White not Hispanic
96466,C.13-17,17,Female,5241,Hispanic
96684,C.13-17,14,Male,3524,White not Hispanic
96739,E.22-50,30,Female,40125,White not Hispanic
96746,B.6-12,10,Male,3382,Asian
96840,F.51-Over,51,Female,48622,White not Hispanic
96974,C.13-17,17,Female,5276,White not Hispanic
97057,E.22-50,41,Male,50202,White not Hispanic
97122,E.22-50,44,Male,46144,Hispanic
97211,A.0-5,5,Female,240,Black
97268,E.22-50,23,Male,35016,White not Hispanic
97316,F.51-Over,75,Female,55956,White not Hispanic
97426,A.0-5,1,Female,2359,Multi Race
97793,B.6-12,9,Female,1048,Multi Race
97930,F.51-Over,69,Female,53561,White not Hispanic
98015,E.22-50,46,Male,52222,Hispanic
98235,E.22-50,28,Male,29588,Hispanic
98268,D.18-21,18,Female,10393,White not Hispanic
98269,E.22-50,38,Male,54191,White not Hispanic
98382,F.51-Over,54,Female,46312,White not Hispanic
98428,E.22-50,24,Male,49449,Asian
98522,C.13-17,13,Female,3097,White not Hispanic
98547,C.13-17,13,Female,3392,White not Hispanic
98562,C.13-17,15,Female,3641,Hispanic
98683,B.6-12,8,Male,2441,Hispanic
98792,A.0-5,5,Male,1411,Hispanic
99046,E.22-50,30,Female,35231,White not Hispanic
99114,D.18-21,18,Male,5298,Hispanic
99147,D.18-21,20,Male,7288,Asian
99529,A.0-5,2,Male,2258,Multi Race
99622,F.51-Over,86,Female,57055,White not Hispanic
99715,D.18-21,20,Male,7494,Hispanic
99718,C.13-17,17,Female,3673,Multi Race
99791,B.6-12,10,Male,3638,Hispanic
99898,E.22-50,23,Male,26702,White not Hispanic